id,first_name,last_name,email,gender,ip_address
1,Amara,McAviy,amcaviy0@wunderground.com,Genderqueer,15.223.204.216
2,Marianna,Cowles,mcowles1@businessinsider.com,Female,190.149.248.125
3,Sid,Liveing,sliveing2@addthis.com,Male,54.29.176.161
4,Gilly,McGillivray,gmcgillivray3@ft.com,Female,39.29.46.137
5,Corly,Sember,csember4@privacy.gov.au,Female,254.214.93.139
6,Rozalie,Fraschini,rfraschini5@smugmug.com,Female,209.97.247.35
7,Gibbie,McGookin,gmcgookin6@w3.org,Male,197.41.202.245
8,Lorne,Delepine,ldelepine7@army.mil,Male,215.78.98.40
9,Erika,Elkins,eelkins8@si.edu,Female,190.156.0.76
10,Doro,Howsley,dhowsley9@alexa.com,Female,154.219.205.50
11,Vina,Gateley,vgateleya@apple.com,Female,209.162.152.119
12,Deidre,Kynge,dkyngeb@qq.com,Female,132.188.34.118
13,Marshal,Cookney,mcookneyc@tinypic.com,Male,207.179.37.167
14,Otto,Moncrieffe,omoncrieffed@ow.ly,Male,153.60.131.142
15,Vergil,Hendrik,vhendrike@hao123.com,Male,61.56.219.39
16,Giovanna,Kupker,gkupkerf@last.fm,Female,172.240.156.190
17,Emory,De Caroli,edecarolig@zimbio.com,Male,29.105.147.103
18,Danika,MacAulay,dmacaulayh@homestead.com,Female,199.224.68.43
19,Clayton,Iacobacci,ciacobaccii@goo.gl,Male,179.165.97.81
20,Kassia,Castana,kcastanaj@reference.com,Female,152.176.72.193
21,Octavius,Caddie,ocaddiek@feedburner.com,Male,144.230.17.142
22,Melvin,Vanyashkin,mvanyashkinl@i2i.jp,Male,148.8.11.73
23,Valera,Antrack,vantrackm@usnews.com,Female,37.194.150.216
24,Melony,Chatelet,mchateletn@wikipedia.org,Female,7.107.224.245
25,Josias,Peres,jpereso@cbc.ca,Male,183.122.248.57
26,Smith,Eagers,seagersp@desdev.cn,Male,236.184.110.71
27,Kareem,Clemenzo,kclemenzoq@adobe.com,Male,230.26.236.173
28,Tina,Laverick,tlaverickr@mail.ru,Female,157.4.53.254
29,Kaiser,MacDuff,kmacduffs@businesswire.com,Male,241.229.194.23
30,Raf,Albert,ralbertt@4shared.com,Female,94.22.68.107
31,Byram,Croney,bcroneyu@gmpg.org,Male,57.254.46.23
32,Carita,Wardingly,cwardinglyv@free.fr,Female,91.78.158.156
33,Othilie,Roxby,oroxbyw@wisc.edu,Female,99.129.18.100
34,Diego,Steenson,dsteensonx@devhub.com,Male,171.10.11.112
35,Adriaens,Redmell,aredmelly@time.com,Non-binary,48.80.135.68
36,Mannie,Geoghegan,mgeogheganz@cafepress.com,Male,114.217.228.33
37,Bartel,Abramovici,babramovici10@last.fm,Male,86.110.215.63
38,Adelle,Ramel,aramel11@cbc.ca,Female,136.241.103.121
39,Correna,Torrese,ctorrese12@google.de,Female,3.38.15.122
40,Filippa,Adame,fadame13@cloudflare.com,Female,196.9.181.88
41,Windy,Tweedie,wtweedie14@webeden.co.uk,Female,166.68.193.125
42,Malissia,Kirtley,mkirtley15@omniture.com,Female,87.34.190.65
43,Bernardina,Vize,bvize16@bloomberg.com,Polygender,42.76.154.61
44,Maria,Hackly,mhackly17@marketwatch.com,Female,10.221.225.162
45,Lambert,Masey,lmasey18@list-manage.com,Male,141.159.132.243
46,Brennan,Coad,bcoad19@bloglines.com,Male,89.222.217.55
47,Gael,Stevens,gstevens1a@sourceforge.net,Male,1.156.236.113
48,Chandler,Ecclesall,cecclesall1b@aboutads.info,Polygender,89.242.105.246
49,Dorothy,McNeillie,dmcneillie1c@ask.com,Genderfluid,39.10.255.173
50,Roseanne,Volcker,rvolcker1d@indiatimes.com,Female,30.12.190.132
51,Ellerey,McCaughran,emccaughran1e@last.fm,Male,103.35.200.82
52,Bee,Gilliam,bgilliam1f@biglobe.ne.jp,Female,225.66.243.131
53,Kendricks,Rands,krands1g@creativecommons.org,Male,252.115.3.61
54,Jessey,Bradden,jbradden1h@nature.com,Male,21.116.21.97
55,Hanna,Leppard,hleppard1i@cargocollective.com,Female,91.221.158.92
56,Morena,Robelin,mrobelin1j@yahoo.com,Female,18.1.155.119
57,Berte,Murrum,bmurrum1k@sakura.ne.jp,Female,177.171.191.195
58,Ethelbert,Purselow,epurselow1l@addtoany.com,Male,25.50.207.204
59,Kathe,Ribchester,kribchester1m@thetimes.co.uk,Female,23.97.246.216
60,Eugenie,Deener,edeener1n@paypal.com,Female,239.37.183.74
61,Ethel,McNeil,emcneil1o@wiley.com,Genderfluid,2.84.26.148
62,Zaccaria,Battell,zbattell1p@imgur.com,Male,209.20.156.151
63,Elvyn,Viccars,eviccars1q@mayoclinic.com,Male,238.170.1.16
64,Elia,Joynt,ejoynt1r@hc360.com,Male,175.118.39.210
65,Allard,Stairmand,astairmand1s@ucoz.com,Male,75.75.216.81
66,Angel,Quinnelly,aquinnelly1t@businessweek.com,Male,74.168.176.167
67,Chelsy,Eakle,ceakle1u@github.io,Female,118.11.152.210
68,Bartel,Athersmith,bathersmith1v@ihg.com,Male,119.66.135.165
69,Ofelia,Leverington,oleverington1w@nsw.gov.au,Female,194.86.220.89
70,Fionnula,Hatcher,fhatcher1x@ebay.com,Female,32.114.69.205
71,Darrin,MacCumeskey,dmaccumeskey1y@nhs.uk,Male,147.211.211.93
72,Inglis,Jakel,ijakel1z@ebay.co.uk,Male,207.186.104.20
73,Earl,Avon,eavon20@taobao.com,Male,180.149.29.63
74,Romonda,Bumfrey,rbumfrey21@icq.com,Female,43.70.71.43
75,Lira,Daville,ldaville22@cdc.gov,Female,16.33.176.228
76,Silvie,Peasgood,speasgood23@mysql.com,Female,208.200.110.29
77,Adelaide,Mallindine,amallindine24@wordpress.com,Agender,113.198.139.5
78,Denny,Whitear,dwhitear25@typepad.com,Bigender,177.230.55.132
79,Clyde,Ferreri,cferreri26@craigslist.org,Male,179.59.156.118
80,Sephira,Wenderoth,swenderoth27@technorati.com,Female,125.79.75.104
81,Tatum,Enever,tenever28@dell.com,Genderfluid,10.237.29.213
82,Collin,Crosier,ccrosier29@hibu.com,Male,156.234.57.31
83,Jethro,Thorne,jthorne2a@tripod.com,Male,160.167.223.114
84,Paolina,Denziloe,pdenziloe2b@japanpost.jp,Female,44.171.181.239
85,Alfreda,Wisam,awisam2c@hhs.gov,Bigender,28.71.143.215
86,Erick,Celiz,eceliz2d@icq.com,Male,241.146.244.247
87,Tildie,Mc Faul,tmcfaul2e@webeden.co.uk,Non-binary,4.240.23.97
88,Nikkie,Werner,nwerner2f@seesaa.net,Female,18.177.148.222
89,Tremayne,Spain,tspain2g@amazon.co.uk,Bigender,17.191.168.146
90,Kearney,Crolly,kcrolly2h@baidu.com,Male,86.179.46.5
91,Kelsey,Emps,kemps2i@people.com.cn,Female,115.219.34.85
92,Daron,Petrillo,dpetrillo2j@dailymotion.com,Female,244.122.128.191
93,Keane,Giacopello,kgiacopello2k@prweb.com,Male,165.101.11.164
94,Renault,Wackly,rwackly2l@skype.com,Male,118.78.67.225
95,Ulberto,Cookson,ucookson2m@bloglovin.com,Male,63.25.226.106
96,Babbette,Kinder,bkinder2n@twitpic.com,Female,23.21.72.94
97,Urbain,Burge,uburge2o@huffingtonpost.com,Male,224.226.82.103
98,Augusta,Chomley,achomley2p@businessweek.com,Female,106.56.3.60
99,Yard,Burwin,yburwin2q@last.fm,Male,231.131.154.139
100,Angel,O'Clery,aoclery2r@comcast.net,Non-binary,132.214.254.191
101,Patsy,Malim,pmalim2s@storify.com,Polygender,72.152.123.10
102,Zak,McLleese,zmclleese2t@baidu.com,Male,3.237.90.153
103,Caressa,Lasselle,classelle2u@senate.gov,Female,235.22.100.114
104,Helga,Concklin,hconcklin2v@huffingtonpost.com,Female,52.146.178.119
105,Jordan,Jack,jjack2w@hatena.ne.jp,Male,239.137.81.159
106,Udall,Depport,udepport2x@behance.net,Male,222.250.22.251
107,Gill,Chattelaine,gchattelaine2y@qq.com,Female,122.108.149.144
108,Thornton,Haugen,thaugen2z@mozilla.com,Male,112.222.136.216
109,Ikey,Gosselin,igosselin30@japanpost.jp,Genderfluid,232.234.255.169
110,Correy,Ateridge,cateridge31@discovery.com,Polygender,70.33.103.1
111,Goran,Isaac,gisaac32@unblog.fr,Male,31.21.110.29
112,Quillan,Fretwell,qfretwell33@mapy.cz,Male,73.52.148.21
113,Noelyn,Wines,nwines34@moonfruit.com,Female,117.27.96.173
114,Lorain,Noe,lnoe35@examiner.com,Female,31.197.206.56
115,Jamie,Sarney,jsarney36@wordpress.org,Male,93.20.65.41
116,Brett,Lough,blough37@newyorker.com,Female,142.38.75.128
117,Lev,Bertson,lbertson38@aol.com,Male,191.70.36.77
118,Baryram,Marton,bmarton39@engadget.com,Male,69.93.162.93
119,Karilynn,Bote,kbote3a@purevolume.com,Female,184.239.2.58
120,Lyndsie,Dawbery,ldawbery3b@discovery.com,Female,203.55.238.88
121,Massimo,Duckham,mduckham3c@chron.com,Male,253.29.141.142
122,Eddy,Tyght,etyght3d@ed.gov,Male,249.142.174.77
123,Barbe,Rude,brude3e@comsenz.com,Female,79.254.180.217
124,Natalya,Tander,ntander3f@sitemeter.com,Female,92.44.167.157
125,Leisha,Verzey,lverzey3g@washington.edu,Female,44.254.22.252
126,Alyda,Fairnington,afairnington3h@harvard.edu,Agender,253.42.173.43
127,Belicia,Terney,bterney3i@slate.com,Female,130.100.41.185
128,Hiram,Wood,hwood3j@deliciousdays.com,Male,220.231.94.15
129,Vaclav,Beszant,vbeszant3k@marriott.com,Male,229.214.70.229
130,Rosabel,O'Kieran,rokieran3l@stanford.edu,Female,26.6.14.38
131,Meridel,Porter,mporter3m@psu.edu,Female,239.239.207.11
132,Alphonse,Lacasa,alacasa3n@paypal.com,Male,89.242.88.144
133,Gretel,Zumbusch,gzumbusch3o@patch.com,Female,79.146.156.10
134,Vallie,Bell,vbell3p@msu.edu,Female,249.57.156.214
135,Alis,Rraundl,arraundl3q@sourceforge.net,Female,40.248.11.140
136,Gert,Toovey,gtoovey3r@fema.gov,Female,181.116.188.216
137,Corrie,Plews,cplews3s@soundcloud.com,Male,242.52.196.152
138,Johnna,Stoodale,jstoodale3t@tamu.edu,Female,130.36.247.72
139,Analiese,Imlach,aimlach3u@sun.com,Female,132.26.41.140
140,Stanislaus,Strase,sstrase3v@cnn.com,Male,250.70.97.80
141,Tudor,MacNamara,tmacnamara3w@usatoday.com,Male,233.130.189.23
142,Zaneta,O'Glessane,zoglessane3x@posterous.com,Female,89.144.44.58
143,Alethea,Sandyfirth,asandyfirth3y@whitehouse.gov,Genderqueer,231.41.203.2
144,Ermin,Marvelley,emarvelley3z@amazon.co.uk,Male,152.165.85.134
145,Randi,Garza,rgarza40@discovery.com,Male,187.51.173.69
146,Jessalin,Minett,jminett41@nih.gov,Female,48.205.120.4
147,Lucretia,Cardall,lcardall42@unblog.fr,Female,63.251.107.102
148,Elladine,Robley,erobley43@com.com,Female,13.103.138.140
149,Edithe,Sodory,esodory44@sciencedaily.com,Female,42.37.140.213
150,Brooks,Hasling,bhasling45@berkeley.edu,Genderfluid,12.98.40.38
151,Lee,Burnup,lburnup46@taobao.com,Genderqueer,134.186.132.23
152,Fabe,Di Maria,fdimaria47@trellian.com,Male,168.41.240.87
153,Dov,Friatt,dfriatt48@deliciousdays.com,Male,144.216.77.129
154,Elset,Commings,ecommings49@sfgate.com,Female,246.115.241.83
155,Lavinie,Klaas,lklaas4a@earthlink.net,Female,45.222.192.16
156,Adolph,Watson-Brown,awatsonbrown4b@nps.gov,Male,134.176.150.230
157,Jacobo,Logue,jlogue4c@blogger.com,Male,228.35.45.221
158,Kari,Assaf,kassaf4d@usa.gov,Agender,207.94.225.12
159,Blair,Goudard,bgoudard4e@telegraph.co.uk,Female,2.113.89.169
160,Norby,Benner,nbenner4f@usa.gov,Male,37.0.57.210
161,Janot,Pointing,jpointing4g@typepad.com,Polygender,223.203.125.54
162,Merline,Bootherstone,mbootherstone4h@dyndns.org,Female,93.18.109.126
163,Fanchette,Staines,fstaines4i@nyu.edu,Female,36.226.2.14
164,Archy,Maskall,amaskall4j@linkedin.com,Male,22.210.31.116
165,Angus,Doolan,adoolan4k@uiuc.edu,Agender,84.153.176.229
166,Kathy,Philipeaux,kphilipeaux4l@senate.gov,Female,71.61.54.242
167,Vyky,Peddel,vpeddel4m@g.co,Female,22.222.119.78
168,Rey,Abelov,rabelov4n@wikispaces.com,Male,201.160.56.141
169,Donnell,Jeffry,djeffry4o@bbc.co.uk,Male,177.13.213.72
170,Hew,Crosskill,hcrosskill4p@geocities.com,Polygender,19.253.132.64
171,Rochette,Ainsbury,rainsbury4q@webnode.com,Female,61.79.228.198
172,Willem,Rosewell,wrosewell4r@patch.com,Male,182.85.182.201
173,Taylor,Chopy,tchopy4s@miitbeian.gov.cn,Male,164.40.63.64
174,Douglas,Burdett,dburdett4t@usgs.gov,Male,41.158.215.67
175,Atlante,Slatcher,aslatcher4u@utexas.edu,Female,122.216.15.6
176,Gabey,Sollitt,gsollitt4v@ca.gov,Non-binary,80.194.17.8
177,Larina,Sugden,lsugden4w@ucla.edu,Female,250.232.40.185
178,Kristel,McCurdy,kmccurdy4x@amazon.com,Female,112.235.239.253
179,Brian,Beiderbecke,bbeiderbecke4y@gravatar.com,Bigender,78.143.170.41
180,Dunc,Rigmand,drigmand4z@amazonaws.com,Genderfluid,207.89.147.24
181,Hestia,Corkell,hcorkell50@multiply.com,Female,6.143.167.194
182,Henri,Duffree,hduffree51@booking.com,Male,125.127.242.138
183,Ninette,Robbings,nrobbings52@cdbaby.com,Female,129.224.43.205
184,Fonz,Denslow,fdenslow53@opensource.org,Male,223.15.217.251
185,Cull,Done,cdone54@dropbox.com,Male,137.184.140.108
186,Dorolisa,Heald,dheald55@washingtonpost.com,Female,62.144.31.211
187,Giselle,Karsh,gkarsh56@tamu.edu,Female,231.108.91.80
188,Mariann,Claremont,mclaremont57@addtoany.com,Female,47.96.147.174
189,Zsa zsa,Cordero,zcordero58@economist.com,Female,18.113.101.60
190,Barrie,Chimienti,bchimienti59@reuters.com,Female,106.204.24.85
191,Lindsy,Attkins,lattkins5a@biglobe.ne.jp,Female,76.140.236.219
192,Jesse,Langstaff,jlangstaff5b@wikispaces.com,Male,190.132.98.79
193,Rockey,Snowsill,rsnowsill5c@smh.com.au,Agender,100.80.188.169
194,Bartolomeo,Physic,bphysic5d@bing.com,Male,186.188.117.75
195,Alexander,Sloegrave,asloegrave5e@ask.com,Genderfluid,18.197.79.166
196,Casie,Chad,cchad5f@zimbio.com,Female,207.141.77.95
197,Irma,Caldicot,icaldicot5g@youtu.be,Female,39.213.12.208
198,Jill,Grogor,jgrogor5h@imdb.com,Female,43.235.24.200
199,Daryle,Gorse,dgorse5i@barnesandnoble.com,Male,217.183.245.158
200,Kipp,Leport,kleport5j@economist.com,Male,146.220.244.17
201,Michal,Radband,mradband5k@stumbleupon.com,Male,223.165.235.162
202,Aurel,Gadsdon,agadsdon5l@xing.com,Female,97.11.8.248
203,Arv,Saenz,asaenz5m@networksolutions.com,Male,206.121.227.107
204,Cliff,Bunson,cbunson5n@freewebs.com,Male,52.153.72.81
205,Franni,Ennals,fennals5o@is.gd,Female,173.95.197.59
206,Terra,Snailham,tsnailham5p@slate.com,Female,222.108.208.244
207,Garrett,Degenhardt,gdegenhardt5q@wsj.com,Male,147.70.178.156
208,Pandora,Shatford,pshatford5r@pcworld.com,Female,70.144.254.136
209,Abner,Bunner,abunner5s@fda.gov,Male,196.123.52.101
210,Charla,Hearnden,chearnden5t@geocities.com,Female,107.233.208.0
211,Jodi,Moule,jmoule5u@va.gov,Male,58.244.97.181
212,Kare,Landy,klandy5v@nifty.com,Female,38.102.16.2
213,Daisi,Crone,dcrone5w@theglobeandmail.com,Female,195.122.148.138
214,Kerk,Hammerich,khammerich5x@icio.us,Male,37.92.193.238
215,Sim,Skea,sskea5y@icq.com,Male,183.190.95.230
216,Mata,Alessandrini,malessandrini5z@gravatar.com,Male,179.253.151.215
217,Adrea,Steckings,asteckings60@cmu.edu,Non-binary,163.247.174.233
218,Abie,Stitch,astitch61@cbsnews.com,Male,212.103.50.13
219,Pavlov,Titt,ptitt62@princeton.edu,Male,225.5.130.131
220,Hanny,Lydiatt,hlydiatt63@reference.com,Female,218.49.0.98
221,Harman,Maneylaws,hmaneylaws64@plala.or.jp,Genderfluid,205.56.221.31
222,Alfonse,Casillas,acasillas65@bigcartel.com,Male,51.64.195.3
223,Huntington,Dunnaway,hdunnaway66@woothemes.com,Male,100.139.52.61
224,Kirbie,Issacof,kissacof67@csmonitor.com,Female,183.86.113.227
225,Geoffry,Heindrich,gheindrich68@ask.com,Male,158.224.60.4
226,Thorn,Bines,tbines69@alexa.com,Male,75.21.60.40
227,Jake,Gitsham,jgitsham6a@over-blog.com,Male,30.28.77.204
228,Darbie,Barbosa,dbarbosa6b@yale.edu,Genderfluid,31.72.142.66
229,Olimpia,Rogerson,orogerson6c@xing.com,Female,12.46.164.241
230,Packston,Dawks,pdawks6d@istockphoto.com,Male,146.46.227.3
231,Aida,Giovanitti,agiovanitti6e@arstechnica.com,Female,156.231.143.182
232,Cleve,Hardy,chardy6f@who.int,Male,1.47.59.124
233,Melvyn,Getty,mgetty6g@bloglovin.com,Male,194.58.251.39
234,Barnabe,Videan,bvidean6h@jimdo.com,Male,159.21.28.146
235,Mal,Anetts,manetts6i@nba.com,Male,234.218.50.178
236,Ashlin,Pandya,apandya6j@ask.com,Male,12.90.116.124
237,Brittaney,Sephton,bsephton6k@usa.gov,Female,42.64.37.105
238,Walden,Jarrett,wjarrett6l@patch.com,Male,228.110.55.116
239,Corbet,Barszczewski,cbarszczewski6m@blogspot.com,Genderfluid,116.78.202.59
240,Vinnie,Rivenzon,vrivenzon6n@discovery.com,Female,206.214.75.125
241,Andreas,Limeburn,alimeburn6o@1und1.de,Male,208.193.239.221
242,Coralie,Le Huquet,clehuquet6p@i2i.jp,Female,97.34.230.93
243,Rory,Fidelus,rfidelus6q@prlog.org,Female,56.57.227.10
244,Ricky,Menico,rmenico6r@whitehouse.gov,Female,187.88.137.216
245,Sergeant,Kinghorne,skinghorne6s@blogspot.com,Male,73.199.60.194
246,Bride,Dwerryhouse,bdwerryhouse6t@uiuc.edu,Female,112.201.79.81
247,Perkin,Valentetti,pvalentetti6u@illinois.edu,Male,249.49.156.250
248,Gena,Sunter,gsunter6v@auda.org.au,Female,106.18.229.72
249,Dody,Dron,ddron6w@walmart.com,Female,129.204.136.206
250,Joelly,Sydry,jsydry6x@jimdo.com,Female,103.34.101.13
251,Tilly,Gilders,tgilders6y@reddit.com,Female,242.224.174.21
252,Merv,Dawltrey,mdawltrey6z@shutterfly.com,Male,19.122.31.160
253,Verine,Brigdale,vbrigdale70@statcounter.com,Non-binary,197.78.59.114
254,Dyana,Shale,dshale71@jugem.jp,Genderqueer,229.108.114.113
255,Reube,Swede,rswede72@wunderground.com,Male,228.143.145.81