id,first_name,last_name,email,gender,ip_address
256,Skylar,Ausiello,sausiello73@meetup.com,Male,41.24.188.5
257,Cristal,Warwick,cwarwick74@opensource.org,Female,133.72.112.188
258,Ally,Ruhben,aruhben75@pen.io,Female,147.101.136.143
259,Iolanthe,Powney,ipowney76@flickr.com,Female,137.67.231.17
260,Felic,Bonifazio,fbonifazio77@purevolume.com,Male,150.219.217.190
261,Corliss,Crosson,ccrosson78@google.de,Female,152.167.95.177
262,Niel,Leatham,nleatham79@mapy.cz,Male,237.195.255.189
263,Sanson,Gascoyen,sgascoyen7a@geocities.jp,Male,17.92.132.208
264,Riannon,Ewen,rewen7b@chron.com,Female,80.130.182.15
265,Naomi,Froggatt,nfroggatt7c@ovh.net,Female,165.109.8.250
266,Booth,Dyball,bdyball7d@ed.gov,Male,23.77.117.225
267,Torre,Shillinglaw,tshillinglaw7e@cnbc.com,Male,79.148.174.54
268,Dottie,Getch,dgetch7f@netscape.com,Female,131.176.80.194
269,Hulda,Pail,hpail7g@sohu.com,Female,245.23.100.248
270,Violante,Maycey,vmaycey7h@networkadvertising.org,Female,176.128.195.85
271,Hastie,Doyle,hdoyle7i@pagesperso-orange.fr,Male,67.121.202.222
272,Judas,Skokoe,jskokoe7j@usgs.gov,Male,219.249.52.26
273,Kizzee,Esson,kesson7k@slideshare.net,Female,105.245.181.211
274,Mariel,Wernher,mwernher7l@simplemachines.org,Female,235.247.237.242
275,Katina,Inwood,kinwood7m@storify.com,Female,82.5.181.0
276,Babette,Derwin,bderwin7n@taobao.com,Female,234.139.49.140
277,Lyman,Maund,lmaund7o@aol.com,Non-binary,19.0.242.44
278,Janaye,Alexandre,jalexandre7p@over-blog.com,Female,48.102.151.187
279,Retha,Peppin,rpeppin7q@clickbank.net,Female,121.148.227.176
280,Regina,Castagnet,rcastagnet7r@constantcontact.com,Female,54.63.161.204
281,Jobi,Lavielle,jlavielle7s@wsj.com,Female,148.82.243.157
282,Lynette,McOwan,lmcowan7t@accuweather.com,Agender,155.112.8.212
283,Meryl,Goodbar,mgoodbar7u@ustream.tv,Female,99.38.186.185
284,Giavani,Salliere,gsalliere7v@tinypic.com,Male,203.133.84.212
285,Hart,Roney,hroney7w@smh.com.au,Male,120.232.77.213
286,Aurthur,Enbury,aenbury7x@smugmug.com,Male,195.218.49.243
287,Dede,Ferrie,dferrie7y@blogspot.com,Female,250.104.243.247
288,Bat,Kimbury,bkimbury7z@ed.gov,Male,70.202.51.217
289,Arlina,Adamowitz,aadamowitz80@jigsy.com,Female,119.171.208.208
290,Viva,Vakhonin,vvakhonin81@storify.com,Female,203.5.248.58
291,Tyrus,Hadfield,thadfield82@google.it,Male,119.103.112.141
292,Mischa,Tash,mtash83@constantcontact.com,Agender,9.3.166.72
293,Christophorus,Mustoe,cmustoe84@ucla.edu,Male,161.241.209.48
294,Granville,Larret,glarret85@360.cn,Male,28.225.52.234
295,Anstice,Fibbens,afibbens86@deliciousdays.com,Female,192.221.219.58
296,Moritz,Enston,menston87@adobe.com,Male,216.108.210.60
297,Guinevere,Dillintone,gdillintone88@jiathis.com,Female,42.14.245.230
298,Erica,Blaiklock,eblaiklock89@unblog.fr,Female,158.190.192.101
299,Hermie,de Guise,hdeguise8a@networkadvertising.org,Male,183.102.153.155
300,Lucita,Harken,lharken8b@youku.com,Female,171.84.139.82
301,Zachary,Ramelot,zramelot8c@yellowpages.com,Male,72.93.45.125
302,Jorie,Carlon,jcarlon8d@xinhuanet.com,Female,211.90.191.163
303,Demott,Wem,dwem8e@europa.eu,Male,253.145.85.29
304,Zacharia,Handford,zhandford8f@tinypic.com,Male,251.13.69.191
305,Ramonda,Hainge,rhainge8g@apple.com,Female,60.109.212.194
306,Blithe,Dyer,bdyer8h@google.com.au,Female,36.22.20.106
307,Jorgan,Glewe,jglewe8i@icq.com,Male,92.130.111.248
308,Jennica,Jantot,jjantot8j@prlog.org,Female,182.92.42.57
309,Eugenia,Toffoletto,etoffoletto8k@dedecms.com,Female,0.104.6.21
310,Kalvin,Dunnet,kdunnet8l@wikia.com,Male,92.173.94.4
311,Graig,Harbage,gharbage8m@plala.or.jp,Male,156.214.180.8
312,Joice,Milthorpe,jmilthorpe8n@google.ru,Genderfluid,201.201.227.240
313,Kai,Espasa,kespasa8o@intel.com,Female,14.19.221.104
314,Judy,Clineck,jclineck8p@cornell.edu,Female,89.40.91.227
315,Pepi,Rosser,prosser8q@nytimes.com,Female,201.110.96.221
316,Katherina,Satterley,ksatterley8r@pen.io,Female,129.129.212.162
317,Fidole,Mixworthy,fmixworthy8s@pinterest.com,Male,85.81.162.9
318,Wildon,Sloper,wsloper8t@globo.com,Male,191.130.32.28
319,Donica,Ander,dander8u@yelp.com,Female,82.174.216.238
320,Orelie,Ell,oell8v@constantcontact.com,Female,114.141.169.201
321,Ruthe,Skeete,rskeete8w@i2i.jp,Female,240.34.72.19
322,Donelle,Ibbitt,dibbitt8x@github.com,Polygender,194.42.193.116
323,Aurea,Boutton,aboutton8y@soup.io,Agender,124.46.53.4
324,Kippie,Kmieciak,kkmieciak8z@prnewswire.com,Male,163.178.243.58
325,Lynnelle,Capner,lcapner90@pagesperso-orange.fr,Female,241.191.222.246
326,Wini,Gillford,wgillford91@sciencedirect.com,Female,64.93.16.204
327,Jodie,Gillespey,jgillespey92@psu.edu,Male,223.71.198.86
328,Constantia,Costan,ccostan93@ox.ac.uk,Female,178.231.35.234
329,Audrie,Jossel,ajossel94@sfgate.com,Female,157.189.159.0
330,Sigismundo,Pietron,spietron95@github.io,Male,80.64.18.189
331,Druci,Huskisson,dhuskisson96@china.com.cn,Female,151.181.170.50
332,Barbara,Fishlee,bfishlee97@reverbnation.com,Female,123.41.51.60
333,Lucio,Vigars,lvigars98@feedburner.com,Male,92.219.92.54
334,Josey,Gow,jgow99@engadget.com,Female,221.110.1.101
335,Vita,Jojic,vjojic9a@discuz.net,Female,223.48.112.166
336,Zarla,Belchamber,zbelchamber9b@barnesandnoble.com,Female,136.32.237.150
337,Hurley,Lathbury,hlathbury9c@adobe.com,Male,199.44.107.164
338,Berry,Raubenheim,braubenheim9d@opensource.org,Bigender,14.109.210.3
339,Norbert,Boniface,nboniface9e@zimbio.com,Male,233.70.219.25
340,Bone,Stokes,bstokes9f@apple.com,Male,18.193.183.250
341,Danya,Adamini,dadamini9g@vinaora.com,Male,83.33.89.119
342,Ellynn,Rahl,erahl9h@github.com,Female,157.45.41.140
343,Kat,Dummett,kdummett9i@msn.com,Female,158.39.50.229
344,Adrian,Ziem,aziem9j@slate.com,Male,220.150.105.45
345,Wally,Spensley,wspensley9k@dmoz.org,Male,45.110.176.56
346,Bruce,Orme,borme9l@google.ru,Male,249.230.121.137
347,Lind,Cuchey,lcuchey9m@nyu.edu,Female,115.57.58.40
348,Aubrey,Boynton,aboynton9n@barnesandnoble.com,Male,184.164.18.217
349,Shandie,Bertelsen,sbertelsen9o@senate.gov,Female,180.171.187.31
350,Brody,Colliard,bcolliard9p@weibo.com,Male,242.250.196.87
351,Purcell,Londors,plondors9q@wikispaces.com,Male,79.42.198.184
352,Jade,Knappitt,jknappitt9r@lulu.com,Female,237.166.53.226
353,Emmott,Phizaclea,ephizaclea9s@csmonitor.com,Male,84.76.26.236
354,Dallon,Elderfield,delderfield9t@typepad.com,Male,219.179.60.103
355,Ignace,Safell,isafell9u@issuu.com,Male,79.23.118.63
356,Debby,Dilawey,ddilawey9v@google.it,Female,79.198.185.90
357,Shell,Norton,snorton9w@cdbaby.com,Male,233.121.183.118
358,Gifford,Cufflin,gcufflin9x@comsenz.com,Male,169.194.95.127
359,Bendick,Phillip,bphillip9y@list-manage.com,Male,33.185.169.90
360,Drusilla,Theyer,dtheyer9z@bravesites.com,Female,20.158.156.99
361,Aubrey,Newlands,anewlandsa0@angelfire.com,Male,150.94.55.87
362,Lyndsey,Circuitt,lcircuitta1@cmu.edu,Female,135.61.229.65
363,Shannan,Barnewell,sbarnewella2@addthis.com,Male,86.184.236.196
364,Tirrell,O' Kelleher,tokellehera3@360.cn,Male,240.136.86.64
365,Jessalyn,MacPharlain,jmacpharlaina4@ifeng.com,Female,169.52.7.247
366,Bridgette,Mallabon,bmallabona5@google.cn,Female,118.250.116.72
367,Ricki,Rochester,rrochestera6@archive.org,Genderqueer,212.102.132.224
368,Helaina,Wanden,hwandena7@feedburner.com,Female,78.95.35.149
369,Jackqueline,Ridgewell,jridgewella8@i2i.jp,Female,94.111.215.160
370,Clayton,Carneck,ccarnecka9@ucoz.ru,Male,75.178.210.37
371,Arleen,Cowperthwaite,acowperthwaiteaa@indiegogo.com,Bigender,103.237.163.110
372,Fredek,Coal,fcoalab@edublogs.org,Male,174.147.14.248
373,Alessandro,Peatt,apeattac@chronoengine.com,Male,223.230.198.131
374,Carena,Medcalf,cmedcalfad@discovery.com,Female,84.194.196.46
375,Whitaker,McCuaig,wmccuaigae@prweb.com,Male,221.200.195.200
376,Jesselyn,Yurivtsev,jyurivtsevaf@g.co,Female,170.100.205.70
377,Alexandre,Castelyn,acastelynag@comsenz.com,Male,76.12.252.7
378,Lorna,Ashbey,lashbeyah@ezinearticles.com,Female,174.89.198.115
379,Barbabas,Arthey,bartheyai@spotify.com,Male,157.249.81.68
380,Patti,Jindra,pjindraaj@ning.com,Female,21.82.134.93
381,Cesar,Bednall,cbednallak@hhs.gov,Male,164.26.182.244
382,Reggie,Bernhardsson,rbernhardssonal@npr.org,Genderqueer,248.54.111.169
383,Kristi,Hayer,khayeram@google.nl,Female,33.178.175.211
384,Allin,Charle,acharlean@surveymonkey.com,Male,125.21.29.220
385,Brannon,Huntington,bhuntingtonao@quantcast.com,Male,20.62.135.146
386,Amata,Woolfoot,awoolfootap@latimes.com,Female,195.233.117.85
387,Blinnie,Gomm,bgommaq@themeforest.net,Female,172.139.101.122
388,Mel,Grubb,mgrubbar@goodreads.com,Male,242.80.17.12
389,Christoffer,Wapple,cwappleas@lycos.com,Male,121.3.236.168
390,Dorette,De Bell,ddebellat@is.gd,Female,60.128.91.107
391,Sid,Ferrieri,sferrieriau@dailymotion.com,Male,137.114.153.146
392,Ignaz,Ayton,iaytonav@smugmug.com,Male,164.236.148.204
393,Ivory,Tuke,itukeaw@virginia.edu,Female,51.121.246.56
394,Stillman,Parkhouse,sparkhouseax@sohu.com,Agender,239.78.37.21
395,Kennett,Natt,knattay@un.org,Male,95.90.202.107
396,Jenifer,Francie,jfrancieaz@privacy.gov.au,Female,41.196.198.98
397,Chip,Whitland,cwhitlandb0@sina.com.cn,Male,187.7.89.94
398,Silvan,Attock,sattockb1@ebay.co.uk,Male,230.200.232.44
399,Oberon,Piddick,opiddickb2@usda.gov,Male,116.143.85.33
400,Zebedee,Grimster,zgrimsterb3@barnesandnoble.com,Male,213.91.18.99
401,Myrwyn,de Leon,mdeleonb4@ucoz.com,Male,134.45.1.190
402,Royal,Kendred,rkendredb5@typepad.com,Male,56.243.42.29
403,Aura,Munkley,amunkleyb6@chronoengine.com,Female,220.225.73.234
404,Feliks,Lettice,fletticeb7@sphinn.com,Male,81.45.170.85
405,Florance,Cotilard,fcotilardb8@ibm.com,Female,8.114.18.16
406,Liana,Blaszczak,lblaszczakb9@google.ca,Female,151.241.43.181
407,Davina,Halleday,dhalledayba@ibm.com,Female,187.90.249.95
408,Lorette,Stone,lstonebb@example.com,Genderfluid,109.104.226.126
409,Konstance,Oels,koelsbc@icq.com,Female,26.90.187.190
410,Jessey,Schultz,jschultzbd@yellowbook.com,Bigender,8.96.167.49
411,Carolyne,Loomis,cloomisbe@devhub.com,Female,147.16.220.101
412,Malorie,McIlwain,mmcilwainbf@sourceforge.net,Female,254.230.226.192
413,Sileas,Cattlemull,scattlemullbg@mlb.com,Female,80.197.34.221
414,Iseabal,Pasby,ipasbybh@hatena.ne.jp,Non-binary,150.223.127.77
415,Batsheva,Schaumaker,bschaumakerbi@chronoengine.com,Female,148.241.11.129
416,Myrtle,Esome,mesomebj@usatoday.com,Female,14.243.38.187
417,Lara,Growy,lgrowybk@woothemes.com,Female,117.89.82.114
418,Fredericka,St. Quentin,fstquentinbl@answers.com,Female,130.249.51.119
419,Boycie,Hagard,bhagardbm@1und1.de,Male,236.140.47.107
420,Keith,Reasun,kreasunbn@un.org,Male,151.40.53.12
421,Gordan,Jiran,gjiranbo@stanford.edu,Male,201.94.213.238
422,Dyana,Blankett,dblankettbp@gnu.org,Female,94.192.11.60
423,Elisha,Strongitharm,estrongitharmbq@gov.uk,Female,212.112.173.159
424,Maxim,Rikard,mrikardbr@qq.com,Genderfluid,61.226.41.126
425,Eugenie,Durrance,edurrancebs@accuweather.com,Female,3.29.168.243
426,Penrod,Rontsch,prontschbt@geocities.com,Male,194.143.110.48
427,Butch,Brittle,bbrittlebu@hibu.com,Male,208.169.239.61
428,Tony,Grimoldby,tgrimoldbybv@webmd.com,Male,138.185.9.149
429,Helen-elizabeth,Godbolt,hgodboltbw@usnews.com,Female,172.179.185.201
430,Pippy,Butland,pbutlandbx@abc.net.au,Female,13.12.51.249
431,Bee,Marns,bmarnsby@harvard.edu,Female,25.123.242.109
432,Fairleigh,Bodham,fbodhambz@live.com,Male,52.107.140.229
433,Rozella,McIlvenny,rmcilvennyc0@usda.gov,Female,142.227.163.51
434,Solomon,Gaffon,sgaffonc1@so-net.ne.jp,Male,208.242.107.12
435,Engelbert,MacCallam,emaccallamc2@themeforest.net,Male,14.190.176.115
436,Antonin,Jolliffe,ajolliffec3@uol.com.br,Male,68.30.143.185
437,Jessika,Kennion,jkennionc4@discuz.net,Female,77.193.207.151
438,Kacy,Robbert,krobbertc5@bbb.org,Female,45.223.69.6
439,Eda,MacGillavery,emacgillaveryc6@goodreads.com,Female,79.68.246.219
440,Willamina,MacNeilly,wmacneillyc7@youku.com,Female,130.162.236.21
441,Ximenez,Commin,xcomminc8@nyu.edu,Male,228.8.13.202
442,Rutter,Scullin,rscullinc9@xing.com,Genderfluid,53.127.70.125
443,Anya,Looby,aloobyca@adobe.com,Female,242.76.70.87
444,Thurston,Vasilmanov,tvasilmanovcb@domainmarket.com,Male,141.118.170.153
445,Willey,Bixley,wbixleycc@howstuffworks.com,Bigender,107.8.35.11
446,Cristie,Ast,castcd@skyrock.com,Female,19.162.38.60
447,Vilma,Pirkis,vpirkisce@earthlink.net,Female,30.65.155.22
448,Elwyn,O'Coskerry,eocoskerrycf@unicef.org,Agender,111.75.112.109
449,Wilmar,McCurtin,wmccurtincg@amazonaws.com,Male,151.43.53.160
450,Edyth,Spencley,espencleych@storify.com,Female,166.208.158.104
451,Angie,Burge,aburgeci@craigslist.org,Female,205.236.167.184
452,Dud,De Mico,ddemicocj@admin.ch,Male,207.127.62.242
453,Goddard,Mc Pake,gmcpakeck@blinklist.com,Non-binary,71.228.202.114
454,Kassey,Ferraretto,kferrarettocl@comsenz.com,Female,208.46.26.11
455,Kale,Chataignier,kchataigniercm@smh.com.au,Male,127.133.176.243
456,Kiele,Borrell,kborrellcn@nih.gov,Female,6.60.122.230
457,Tadeo,Gerler,tgerlerco@pcworld.com,Male,189.201.127.70
458,Agatha,Deason,adeasoncp@g.co,Female,243.144.186.32
459,Derby,Daubeny,ddaubenycq@stumbleupon.com,Male,251.197.246.159
460,Enid,Blazewski,eblazewskicr@tinypic.com,Female,131.36.194.132
461,Orson,Suller,osullercs@sciencedaily.com,Male,24.190.187.216
462,Minni,MacCahee,mmaccaheect@studiopress.com,Female,247.33.102.203
463,Nesta,Queripel,nqueripelcu@elegantthemes.com,Female,31.54.194.101
464,Selma,Meese,smeesecv@nationalgeographic.com,Female,105.46.245.136
465,Caren,Speeks,cspeekscw@elegantthemes.com,Female,128.47.103.83
466,Blondy,MacGarvey,bmacgarveycx@oaic.gov.au,Genderfluid,103.95.225.34
467,Dasya,Alan,dalancy@ifeng.com,Female,62.225.138.46
468,Sayer,Goodacre,sgoodacrecz@oakley.com,Male,235.222.68.111
469,Giles,Caistor,gcaistord0@hhs.gov,Male,212.181.244.111
470,Tarrah,Taill,ttailld1@engadget.com,Female,253.185.83.227
471,Angeli,Mahaddy,amahaddyd2@redcross.org,Male,106.34.230.39
472,Bealle,Housden,bhousdend3@wix.com,Male,3.72.31.181
473,Lynnelle,Meier,lmeierd4@blogtalkradio.com,Female,189.205.229.152
474,Berkie,Zimek,bzimekd5@ustream.tv,Male,39.245.195.113
475,Hakeem,Michallat,hmichallatd6@blogtalkradio.com,Male,229.139.23.216
476,Nehemiah,Karoly,nkarolyd7@latimes.com,Male,125.37.7.234
477,Barnard,Liversage,bliversaged8@yahoo.co.jp,Genderfluid,32.247.38.124
478,Jacquetta,Cretney,jcretneyd9@apple.com,Female,3.1.215.111
479,Kaylee,Bordone,kbordoneda@51.la,Female,117.172.13.26
480,Fania,Farncombe,ffarncombedb@hc360.com,Female,209.151.122.4
481,Tildy,Turfrey,tturfreydc@apache.org,Female,138.119.133.207
482,Leela,Minnis,lminnisdd@dmoz.org,Female,177.216.134.183
483,Hadria,Greenslade,hgreensladede@fotki.com,Female,17.57.137.221
484,Herby,Leet,hleetdf@imageshack.us,Male,5.236.209.47
485,Nikki,Forbear,nforbeardg@purevolume.com,Male,80.106.40.142
486,Hollyanne,McGaw,hmcgawdh@hugedomains.com,Female,149.29.111.12
487,Estrella,Shimwall,eshimwalldi@narod.ru,Female,195.66.111.176
488,Carlotta,Abbes,cabbesdj@wix.com,Female,139.242.108.41
489,Lucien,Lynthal,llynthaldk@cafepress.com,Male,19.24.189.135
490,Laurens,Keenleyside,lkeenleysidedl@a8.net,Male,63.6.15.66
491,Godwin,Doumerque,gdoumerquedm@cam.ac.uk,Male,232.92.67.81
492,Hallie,Tavner,htavnerdn@pinterest.com,Female,143.36.3.104
493,Nancee,Mathewson,nmathewsondo@ucsd.edu,Female,124.5.87.237
494,Ardith,Roizn,aroizndp@etsy.com,Female,243.20.219.196
495,Delila,Gogarty,dgogartydq@cocolog-nifty.com,Genderqueer,124.220.125.11
496,Haze,Staddom,hstaddomdr@4shared.com,Male,72.96.192.131
497,Tobe,Matten,tmattends@sourceforge.net,Male,131.150.170.36
498,Elladine,Syddie,esyddiedt@fotki.com,Genderqueer,35.170.211.105
499,Ferguson,De Witt,fdewittdu@washingtonpost.com,Male,120.246.202.177
500,Earvin,Copcott,ecopcottdv@uol.com.br,Male,103.235.34.85