id,first_name,last_name,email,gender,ip_address
756,Spencer,Carden,scardenkz@businessinsider.com,Male,104.53.50.204
757,Elke,Arthars,eartharsl0@furl.net,Female,222.110.176.74
758,Glynis,Hixley,ghixleyl1@jalbum.net,Genderqueer,254.45.222.13
759,Sher,Broomhall,sbroomhalll2@illinois.edu,Female,111.48.125.229
760,Violet,Bohje,vbohjel3@wikispaces.com,Female,8.28.243.254
761,Obadiah,Gonoude,ogonoudel4@forbes.com,Male,35.139.166.94
762,Cassi,Sivil,csivill5@livejournal.com,Female,167.6.7.136
763,Aguie,Laxon,alaxonl6@instagram.com,Male,108.51.228.143
764,Averill,Verman,avermanl7@wikipedia.org,Male,146.155.163.47
765,Stephanus,Perkins,sperkinsl8@hud.gov,Male,251.185.103.41
766,Cobby,Wolver,cwolverl9@samsung.com,Male,121.50.35.158
767,Harper,Londing,hlondingla@sbwire.com,Male,190.14.15.225
768,Callie,Jeandeau,cjeandeaulb@wsj.com,Agender,245.125.160.33
769,Orland,Gresch,ogreschlc@bbc.co.uk,Male,238.163.217.92
770,Alicea,Shimuk,ashimukld@bloglines.com,Female,19.156.154.206
771,Marisa,Khan,mkhanle@wordpress.org,Female,93.207.163.252
772,Milicent,Peschke,mpeschkelf@flavors.me,Female,208.248.230.81
773,Jessi,Ibbetson,jibbetsonlg@auda.org.au,Female,121.133.145.130
774,Benjy,Pook,bpooklh@pcworld.com,Male,229.148.154.6
775,Rubetta,Gosselin,rgosselinli@over-blog.com,Female,93.7.73.242
776,Abby,Woollin,awoollinlj@google.fr,Female,235.52.101.163
777,Vasili,Bette,vbettelk@histats.com,Male,136.186.211.252
778,Manda,Butner,mbutnerll@china.com.cn,Female,147.171.246.52
779,Etti,Dudding,eduddinglm@comcast.net,Female,102.71.231.109
780,Kary,Enrdigo,kenrdigoln@nhs.uk,Polygender,202.191.200.28
781,Vyky,Kobu,vkobulo@japanpost.jp,Genderfluid,164.217.47.20
782,Malcolm,Elcombe,melcombelp@noaa.gov,Male,121.196.131.70
783,Desi,Redwood,dredwoodlq@photobucket.com,Male,110.131.34.55
784,Herschel,Camilletti,hcamillettilr@amazon.co.jp,Male,40.230.195.183
785,Kareem,Rubinowitz,krubinowitzls@blogspot.com,Male,48.250.72.179
786,Carl,Krikorian,ckrikorianlt@abc.net.au,Male,87.108.23.176
787,Bancroft,Touhig,btouhiglu@nytimes.com,Male,125.94.174.11
788,Ettore,Blackaller,eblackallerlv@go.com,Male,88.194.119.67
789,Boniface,Hammell,bhammelllw@npr.org,Male,159.99.79.56
790,Ancell,Bartels-Ellis,abartelsellislx@opensource.org,Male,58.215.185.98
791,Killie,Lucia,klucialy@rambler.ru,Bigender,62.208.28.248
792,Carlota,Enser,censerlz@rediff.com,Female,101.171.38.72
793,Carr,Delete,cdeletem0@discuz.net,Male,15.217.181.33
794,Averell,Betonia,abetoniam1@unicef.org,Male,160.116.48.164
795,Elroy,Bourrel,ebourrelm2@abc.net.au,Male,164.62.69.108
796,Cynthie,Satterthwaite,csatterthwaitem3@miitbeian.gov.cn,Female,224.5.196.21
797,Gannie,Lautie,glautiem4@wikipedia.org,Male,188.194.112.54
798,Jacques,Arnowicz,jarnowiczm5@freewebs.com,Genderqueer,75.98.222.221
799,Elberta,Fulun,efulunm6@loc.gov,Female,125.76.123.72
800,Karoline,Soars,ksoarsm7@pcworld.com,Female,118.187.54.52
801,Caterina,Gantlett,cgantlettm8@webeden.co.uk,Female,146.225.33.175
802,Moishe,Rutt,mruttm9@ameblo.jp,Male,102.2.176.153
803,Portie,Van Son,pvansonma@nbcnews.com,Male,213.169.224.251
804,Cody,Jackett,cjackettmb@1688.com,Female,247.245.132.219
805,Berget,Deinhard,bdeinhardmc@weather.com,Female,61.199.138.75
806,Seumas,Pattlel,spattlelmd@sfgate.com,Male,44.95.54.248
807,Patrizia,Lockhead,plockheadme@etsy.com,Female,235.125.40.10
808,Nance,Leythley,nleythleymf@yelp.com,Female,171.107.6.10
809,Fletch,Currum,fcurrummg@pbs.org,Male,27.172.229.174
810,Allissa,Megainey,amegaineymh@samsung.com,Female,61.124.126.185
811,Morse,Leverton,mlevertonmi@wsj.com,Genderqueer,9.120.217.227
812,Weylin,Leman,wlemanmj@un.org,Non-binary,191.247.52.68
813,Damian,Galgey,dgalgeymk@issuu.com,Male,67.131.126.38
814,Haily,Bott,hbottml@prlog.org,Agender,29.164.87.2
815,Mirna,Tugman,mtugmanmm@prnewswire.com,Female,56.26.175.22
816,Thatcher,Benn,tbennmn@fda.gov,Male,97.218.2.129
817,Bertrando,Tomkies,btomkiesmo@t.co,Male,98.215.8.19
818,Zachery,Campo,zcampomp@sina.com.cn,Male,167.35.56.248
819,Arnold,Padley,apadleymq@cam.ac.uk,Male,128.86.108.232
820,Danyette,Brantl,dbrantlmr@ihg.com,Genderqueer,163.113.66.42
821,Marney,Cerro,mcerroms@blogger.com,Female,65.94.218.232
822,Daphna,Dale,ddalemt@istockphoto.com,Female,63.214.134.214
823,Tedman,Carmel,tcarmelmu@acquirethisname.com,Male,205.55.51.186
824,Paloma,Dumphrey,pdumphreymv@friendfeed.com,Female,211.88.47.151
825,Fanny,Vosse,fvossemw@ow.ly,Female,190.39.11.216
826,Felita,Fennell,ffennellmx@freewebs.com,Female,222.66.95.200
827,Hilliard,Camilleri,hcamillerimy@army.mil,Male,246.93.61.42
828,Ronny,Ripley,rripleymz@nih.gov,Female,44.194.214.64
829,Denney,Conichie,dconichien0@google.co.uk,Male,209.122.214.62
830,Zahara,Richings,zrichingsn1@flickr.com,Female,109.9.249.235
831,Francisco,Jouning,fjouningn2@nytimes.com,Male,6.1.191.154
832,Bonita,Hasard,bhasardn3@unc.edu,Female,90.235.61.57
833,Pam,Sartin,psartinn4@example.com,Female,185.2.6.238
834,Erin,Hopewell,ehopewelln5@infoseek.co.jp,Female,178.251.147.157
835,Wilie,Brownstein,wbrownsteinn6@soundcloud.com,Female,167.15.17.255
836,Sascha,Maharry,smaharryn7@gizmodo.com,Female,75.148.44.126
837,Nils,Gelder,ngeldern8@senate.gov,Male,124.191.247.151
838,Gustave,Denison,gdenisonn9@mayoclinic.com,Male,37.42.68.52
839,Benoit,Conws,bconwsna@tripadvisor.com,Agender,91.224.34.198
840,Ruy,Labroue,rlabrouenb@exblog.jp,Male,171.45.106.65
841,Melisse,Finlason,mfinlasonnc@amazonaws.com,Female,195.30.219.203
842,Duffie,Blazewicz,dblazewicznd@hp.com,Genderqueer,87.110.141.203
843,Lyndy,McGuinness,lmcguinnessne@dailymail.co.uk,Female,181.170.113.151
844,Jeromy,Cesaric,jcesaricnf@clickbank.net,Male,11.185.154.221
845,Joyann,Lehemann,jlehemannng@goo.gl,Female,216.3.3.235
846,Hazel,Freire,hfreirenh@hc360.com,Male,217.87.184.0
847,Eduardo,Risso,erissoni@rambler.ru,Male,218.171.195.153
848,Issiah,Meconi,imeconinj@angelfire.com,Male,222.13.13.39
849,Conrado,Reye,creyenk@facebook.com,Male,230.4.28.204
850,Janela,Jahnel,jjahnelnl@com.com,Female,219.156.40.34
851,Veriee,Marshland,vmarshlandnm@phpbb.com,Female,39.197.231.138
852,Jeanine,Berrey,jberreynn@networkadvertising.org,Female,103.81.31.179
853,Onofredo,Plaschke,oplaschkeno@nps.gov,Male,80.198.171.112
854,Giulio,Hawtry,ghawtrynp@aboutads.info,Male,195.61.238.18
855,Iver,Lappin,ilappinnq@japanpost.jp,Male,87.234.49.46
856,Maegan,Crockatt,mcrockattnr@cocolog-nifty.com,Female,104.232.48.13
857,Rosetta,Teather,rteatherns@gnu.org,Female,134.16.182.242
858,Milo,Lanfare,mlanfarent@noaa.gov,Male,205.35.231.149
859,Lindon,Mantram,lmantramnu@people.com.cn,Agender,32.139.239.224
860,Demetria,Hoyt,dhoytnv@multiply.com,Female,95.203.248.100
861,Chaunce,McSporon,cmcsporonnw@fastcompany.com,Male,0.79.235.248
862,Thayne,Inglesent,tinglesentnx@angelfire.com,Male,78.162.187.173
863,Powell,Dennison,pdennisonny@soup.io,Male,227.232.203.115
864,Saudra,Thrush,sthrushnz@jugem.jp,Female,228.84.216.29
865,Madalyn,Bartens,mbartenso0@cnbc.com,Female,198.38.75.48
866,Matthus,Kittiman,mkittimano1@cdc.gov,Non-binary,17.184.112.102
867,Abigail,Brownsworth,abrownswortho2@washington.edu,Female,31.89.63.176
868,Adrianne,Bumfrey,abumfreyo3@utexas.edu,Female,17.247.93.199
869,Shermy,McWilliams,smcwilliamso4@cafepress.com,Male,12.75.214.108
870,Simon,O'Kuddyhy,sokuddyhyo5@huffingtonpost.com,Male,155.243.12.181
871,Sutherland,Polleye,spolleyeo6@comcast.net,Male,231.42.57.207
872,Claudian,Godspede,cgodspedeo7@dell.com,Male,210.39.253.176
873,Natividad,Mattimoe,nmattimoeo8@sitemeter.com,Genderqueer,169.225.122.38
874,Pancho,Shankle,pshankleo9@phoca.cz,Male,118.208.24.252
875,Cristina,Pothecary,cpothecaryoa@sphinn.com,Female,222.117.188.235
876,Jewell,Damant,jdamantob@spiegel.de,Female,112.239.212.153
877,Denice,Bailes,dbailesoc@flavors.me,Genderfluid,73.130.234.169
878,Leena,Dann,ldannod@dailymotion.com,Female,119.92.80.248
879,Shawn,Vankov,svankovoe@jalbum.net,Female,241.235.156.0
880,Monty,Monkhouse,mmonkhouseof@indiegogo.com,Male,124.114.18.148
881,Kelcie,Mussett,kmussettog@census.gov,Female,207.191.28.10
882,Sigmund,Wallicker,swallickeroh@photobucket.com,Bigender,52.108.6.152
883,Rosalinda,Ferryn,rferrynoi@bandcamp.com,Female,82.64.148.150
884,Avrom,Klimkov,aklimkovoj@qq.com,Male,43.163.219.121
885,Costa,Kilpin,ckilpinok@blogspot.com,Male,18.7.171.58
886,Bil,Kesper,bkesperol@last.fm,Male,183.209.34.40
887,Gottfried,Teresa,gteresaom@t-online.de,Male,75.185.40.145
888,Alanah,Paunton,apauntonon@walmart.com,Female,100.81.47.135
889,Nathaniel,Durtnal,ndurtnaloo@fda.gov,Male,203.185.48.239
890,Frederic,Ivanaev,fivanaevop@hexun.com,Male,224.135.150.128
891,Ado,Dunhill,adunhilloq@sogou.com,Male,24.167.181.50
892,Lauralee,Twelves,ltwelvesor@hostgator.com,Female,193.205.222.190
893,Hillery,Burfitt,hburfittos@nhs.uk,Male,72.246.202.18
894,Wallis,Davers,wdaversot@reference.com,Male,239.191.135.217
895,Neilla,Muncer,nmuncerou@plala.or.jp,Female,170.1.238.192
896,Gav,Aldrich,galdrichov@usatoday.com,Male,169.66.213.192
897,Glenn,Littleproud,glittleproudow@moonfruit.com,Female,205.76.195.254
898,Arabela,Gilpillan,agilpillanox@spiegel.de,Female,139.77.112.237
899,Brody,Fraulo,bfraulooy@dyndns.org,Bigender,130.70.6.40
900,Kalindi,Judkins,kjudkinsoz@examiner.com,Female,11.69.172.239
901,Kayle,Alessandone,kalessandonep0@nbcnews.com,Female,122.254.236.227
902,Corilla,Stodd,cstoddp1@artisteer.com,Female,172.100.93.110
903,Gerardo,Dangerfield,gdangerfieldp2@wordpress.org,Male,103.51.246.226
904,Dorey,Moxted,dmoxtedp3@craigslist.org,Male,108.219.34.243
905,Florina,Blewis,fblewisp4@yolasite.com,Female,16.107.117.55
906,Lamond,Trewhela,ltrewhelap5@skype.com,Male,32.175.224.195
907,Carmencita,Clemits,cclemitsp6@cnet.com,Female,223.191.242.104
908,Mirella,Lynam,mlynamp7@umich.edu,Female,79.139.117.19
909,Denny,Murfill,dmurfillp8@behance.net,Male,196.49.182.151
910,Isadore,Morando,imorandop9@stanford.edu,Male,130.193.29.1
911,Magdaia,Farlow,mfarlowpa@edublogs.org,Polygender,33.100.217.189
912,Khalil,Matczak,kmatczakpb@businessweek.com,Male,151.212.155.247
913,Ladonna,Hinrichsen,lhinrichsenpc@amazon.de,Female,53.20.99.102
914,Gene,Graser,ggraserpd@umn.edu,Male,239.64.32.100
915,Letta,McJerrow,lmcjerrowpe@washingtonpost.com,Female,147.2.172.178
916,Gregor,Domico,gdomicopf@trellian.com,Male,16.125.150.115
917,Abigale,Simnett,asimnettpg@cdc.gov,Female,170.81.130.217
918,Yvonne,Langcastle,ylangcastleph@adobe.com,Female,3.10.69.106
919,Penn,Lenaghen,plenaghenpi@sphinn.com,Male,45.231.171.81
920,Carolin,Howle,chowlepj@japanpost.jp,Female,163.10.148.255
921,Amalee,Brimilcombe,abrimilcombepk@spiegel.de,Female,74.36.143.145
922,Gradey,Garvill,ggarvillpl@blogtalkradio.com,Male,3.176.37.32
923,Emelita,MacCart,emaccartpm@umich.edu,Female,34.74.53.236
924,Andrea,Birwhistle,abirwhistlepn@digg.com,Bigender,11.236.218.85
925,Byran,Garm,bgarmpo@stanford.edu,Polygender,96.156.11.12
926,Cord,Donnachie,cdonnachiepp@phpbb.com,Male,153.167.112.1
927,Eduardo,Thorndycraft,ethorndycraftpq@globo.com,Bigender,141.121.221.152
928,Desiree,Lerigo,dlerigopr@globo.com,Female,93.175.77.57
929,Penny,Odcroft,podcroftps@prweb.com,Female,216.234.11.207
930,Germain,Saddington,gsaddingtonpt@multiply.com,Female,91.106.87.170
931,Daffi,Gue,dguepu@spiegel.de,Genderqueer,174.130.137.109
932,Cchaddie,Lesurf,clesurfpv@comsenz.com,Male,116.183.131.42
933,Quint,Fillgate,qfillgatepw@quantcast.com,Male,127.121.154.236
934,Ernst,Benedick,ebenedickpx@sohu.com,Male,80.135.115.129
935,Allys,Langdridge,alangdridgepy@google.fr,Female,59.186.134.201
936,Therese,O'Shee,tosheepz@privacy.gov.au,Polygender,202.14.150.115
937,Francisco,Doohey,fdooheyq0@plala.or.jp,Male,179.153.170.240
938,Dougie,Heimann,dheimannq1@networkadvertising.org,Male,37.203.57.100
939,Meara,Vowell,mvowellq2@mayoclinic.com,Agender,178.241.252.220
940,Lyda,Goulthorp,lgoulthorpq3@accuweather.com,Female,252.143.8.120
941,Bree,Sighard,bsighardq4@time.com,Female,60.6.212.53
942,Seana,Galletley,sgalletleyq5@aol.com,Female,240.254.81.174
943,Libbi,Pratty,lprattyq6@harvard.edu,Female,173.30.55.108
944,Dorena,Airth,dairthq7@miibeian.gov.cn,Female,128.101.217.152
945,Allissa,Cobden,acobdenq8@accuweather.com,Female,212.23.124.254
946,Ethelyn,Clarey,eclareyq9@weebly.com,Polygender,142.94.127.215
947,Shanan,Marxsen,smarxsenqa@zimbio.com,Male,233.73.91.247
948,Dorian,Hanstock,dhanstockqb@histats.com,Male,12.98.130.174
949,Johan,Axford,jaxfordqc@sogou.com,Male,161.166.208.158
950,Roy,Sheron,rsheronqd@scribd.com,Male,127.222.130.178
951,Gusty,Scrauniage,gscrauniageqe@un.org,Female,6.149.16.208
952,Ax,Giffin,agiffinqf@bravesites.com,Male,227.24.224.157
953,Bryce,Gaudin,bgaudinqg@google.co.uk,Male,68.127.61.186
954,Keith,Twiggs,ktwiggsqh@answers.com,Male,243.17.115.224
955,Woodman,Mor,wmorqi@tripod.com,Male,29.12.96.205
956,Charita,Kunkler,ckunklerqj@networkadvertising.org,Female,147.194.163.69
957,Salomo,Georgievski,sgeorgievskiqk@ustream.tv,Male,54.179.89.1
958,Dillie,Shelford,dshelfordql@nba.com,Male,243.13.250.179
959,Heida,Thouless,hthoulessqm@timesonline.co.uk,Female,28.61.196.90
960,Hartwell,Gerrell,hgerrellqn@soup.io,Male,63.202.156.161
961,Raven,Pallin,rpallinqo@springer.com,Female,240.234.107.9
962,Gideon,Yankeev,gyankeevqp@naver.com,Male,5.216.86.154
963,Harrie,Ottley,hottleyqq@phpbb.com,Female,145.248.10.249
964,Clea,Dishmon,cdishmonqr@salon.com,Female,219.119.241.232
965,Haroun,Newns,hnewnsqs@tripod.com,Male,134.220.11.41
966,Derby,Tullett,dtullettqt@phpbb.com,Male,55.132.197.37
967,Vickie,Cathcart,vcathcartqu@usnews.com,Female,97.182.108.156
968,Dee,Spackman,dspackmanqv@globo.com,Female,31.137.102.123
969,Zaccaria,D'Antuoni,zdantuoniqw@skyrock.com,Male,136.251.109.135
970,Moe,Twaits,mtwaitsqx@google.de,Male,30.103.28.136
971,Egor,Hanney,ehanneyqy@bloglines.com,Male,11.90.211.32
972,Ker,Tomik,ktomikqz@tripod.com,Male,156.111.161.243
973,Nathan,Braghini,nbraghinir0@hatena.ne.jp,Male,229.199.132.248
974,Kailey,Polino,kpolinor1@cocolog-nifty.com,Genderfluid,47.229.95.43
975,Meggie,Reinhard,mreinhardr2@tripadvisor.com,Female,212.215.35.22
976,Royal,Frith,rfrithr3@multiply.com,Male,198.50.82.234
977,Gennie,Del Monte,gdelmonter4@1und1.de,Agender,213.18.208.78
978,Karoly,Dummett,kdummettr5@prnewswire.com,Female,95.180.35.191
979,Derril,Pavlov,dpavlovr6@dion.ne.jp,Male,205.9.156.87
980,Johan,McMonnies,jmcmonniesr7@nih.gov,Male,210.169.128.73
981,Yuri,Lampke,ylampker8@4shared.com,Male,212.239.38.20
982,Brittni,Tommasuzzi,btommasuzzir9@google.com.br,Female,32.17.51.249
983,Spense,Oxtoby,soxtobyra@google.pl,Bigender,47.0.81.213
984,Kynthia,Titmus,ktitmusrb@ted.com,Female,172.0.215.168
985,Vivi,Arntzen,varntzenrc@printfriendly.com,Female,205.88.157.208
986,Miles,Rumney,mrumneyrd@geocities.com,Male,102.76.208.105
987,Waylan,Rospars,wrosparsre@ucoz.ru,Male,10.124.38.70
988,Abbey,Cherry Holme,acherryholmerf@nsw.gov.au,Female,213.157.243.198
989,Shayla,Cullotey,sculloteyrg@shinystat.com,Female,40.156.38.17
990,Mitchel,Clinch,mclinchrh@networksolutions.com,Male,181.216.115.231
991,Ariel,Ellen,aellenri@linkedin.com,Polygender,113.15.82.171
992,Simon,Jeannon,sjeannonrj@ocn.ne.jp,Male,56.123.204.72
993,Kaleena,Load,kloadrk@nasa.gov,Female,97.61.167.109
994,Vidovik,Dewberry,vdewberryrl@mapquest.com,Male,115.102.83.255
995,Tracy,Baylay,tbaylayrm@so-net.ne.jp,Male,59.41.185.203
996,Quintilla,Gyrgorwicx,qgyrgorwicxrn@yolasite.com,Female,51.87.15.18
997,Ham,Agar,hagarro@spotify.com,Male,120.215.183.85
998,Desiree,Hovie,dhovierp@smugmug.com,Female,214.165.201.9
999,Charmine,Prazer,cprazerrq@walmart.com,Female,97.77.219.225
1000,Ava,Autrie,aautrierr@bigcartel.com,Female,169.210.156.166