id,first_name,last_name,email,gender,ip_address
501,Burk,Sandcroft,bsandcroftdw@oaic.gov.au,Male,226.236.98.231
502,Marietta,Febvre,mfebvredx@imageshack.us,Female,203.88.211.148
503,Didi,Temple,dtempledy@tripod.com,Genderfluid,109.245.117.186
504,Paquito,Marfe,pmarfedz@yahoo.co.jp,Male,171.135.91.72
505,Odetta,Cocke,ocockee0@hostgator.com,Female,84.113.216.176
506,Peria,Antrobus,pantrobuse1@topsy.com,Female,245.164.104.219
507,Olag,Norcott,onorcotte2@yolasite.com,Male,122.10.212.107
508,Idalia,Lebreton,ilebretone3@wufoo.com,Female,197.54.16.3
509,Birk,Grinnell,bgrinnelle4@t-online.de,Male,9.156.51.157
510,Isidora,Berling,iberlinge5@nymag.com,Female,195.19.235.10
511,Mareah,Jenkins,mjenkinse6@networkadvertising.org,Female,230.87.82.1
512,Brena,Daskiewicz,bdaskiewicze7@indiatimes.com,Female,226.236.228.132
513,Jillene,Buddleigh,jbuddleighe8@accuweather.com,Female,244.134.105.51
514,Quinn,Jacquemot,qjacquemote9@quantcast.com,Female,216.55.87.19
515,Cobb,Royall,croyallea@ucoz.ru,Genderqueer,224.234.124.211
516,Mendy,Allam,mallameb@yolasite.com,Male,211.103.237.47
517,Celeste,Best,cbestec@unesco.org,Female,225.60.74.238
518,Patin,Mixhel,pmixheled@barnesandnoble.com,Male,189.99.134.13
519,Pietro,Deeprose,pdeeproseee@howstuffworks.com,Male,14.166.171.90
520,Binky,Bradnum,bbradnumef@upenn.edu,Male,207.211.170.107
521,Brina,Hunnisett,bhunnisetteg@craigslist.org,Female,136.175.222.223
522,Johannah,Phython,jphythoneh@amazon.co.uk,Female,22.232.14.232
523,Mischa,Kernocke,mkernockeei@feedburner.com,Male,150.154.226.179
524,Vinni,Varnham,vvarnhamej@hexun.com,Female,3.39.240.63
525,Brad,Weblin,bweblinek@istockphoto.com,Male,67.6.207.252
526,Traver,Roddam,troddamel@sakura.ne.jp,Male,229.237.197.242
527,Storm,McGonnell,smcgonnellem@yandex.ru,Female,42.6.52.153
528,Konrad,Denizet,kdenizeten@yolasite.com,Male,77.249.157.8
529,Clarie,Oakland,coaklandeo@virginia.edu,Female,74.152.169.189
530,Gwenore,Roussell,groussellep@wunderground.com,Female,249.59.145.61
531,Elianora,Jovovic,ejovoviceq@constantcontact.com,Non-binary,255.142.61.146
532,Skippie,Hallyburton,shallyburtoner@exblog.jp,Male,21.169.140.87
533,Lucien,Toffanini,ltoffaninies@sourceforge.net,Male,103.75.166.66
534,Ava,Rubinovici,arubinoviciet@tuttocitta.it,Female,79.110.42.76
535,Ines,Glasper,iglaspereu@joomla.org,Female,126.33.140.133
536,Hattie,Sturgeon,hsturgeonev@wunderground.com,Female,107.152.59.19
537,Keefer,Solley,ksolleyew@newsvine.com,Agender,14.19.156.67
538,Whitney,Squibbs,wsquibbsex@psu.edu,Male,167.200.192.57
539,Kippy,Filochov,kfilochovey@army.mil,Female,142.92.38.218
540,Pavel,Graysmark,pgraysmarkez@free.fr,Male,34.135.150.6
541,Mario,Mussard,mmussardf0@google.com.br,Male,164.120.8.193
542,Keir,Atherley,katherleyf1@pen.io,Male,222.56.163.141
543,Nixie,McCray,nmccrayf2@wunderground.com,Female,2.179.95.75
544,Anabella,Krol,akrolf3@biglobe.ne.jp,Female,86.240.119.185
545,Otha,Rippen,orippenf4@yelp.com,Female,168.74.189.216
546,Valentine,Kloisner,vkloisnerf5@hubpages.com,Female,192.44.33.127
547,Fulton,Andrieux,fandrieuxf6@boston.com,Genderqueer,234.168.26.177
548,Preston,Chadwin,pchadwinf7@ucoz.com,Male,81.2.255.41
549,Domingo,Rillett,drillettf8@i2i.jp,Male,234.43.173.145
550,Jaquenette,Corkel,jcorkelf9@ox.ac.uk,Female,53.250.15.41
551,Aryn,Trowler,atrowlerfa@1688.com,Non-binary,218.146.250.128
552,Cristina,Smalecombe,csmalecombefb@jigsy.com,Female,49.38.219.144
553,Ruggiero,Twinbrow,rtwinbrowfc@storify.com,Polygender,4.167.245.219
554,Brigg,Poytres,bpoytresfd@smugmug.com,Male,252.127.233.82
555,Ferdie,MacIntosh,fmacintoshfe@jugem.jp,Male,96.232.235.23
556,Todd,Willans,twillansff@xrea.com,Genderqueer,238.148.84.231
557,Eveline,Seargeant,eseargeantfg@timesonline.co.uk,Female,35.4.229.38
558,Nickola,McLucky,nmcluckyfh@simplemachines.org,Male,18.168.16.135
559,Odelle,Bonhomme,obonhommefi@dell.com,Female,122.238.48.92
560,Townsend,Liveley,tliveleyfj@artisteer.com,Male,94.200.187.37
561,Vanna,Constantine,vconstantinefk@nps.gov,Female,186.75.173.204
562,Shellie,Hullins,shullinsfl@theglobeandmail.com,Female,93.126.97.90
563,Lindy,Secretan,lsecretanfm@patch.com,Male,238.172.100.125
564,Gerladina,Copperwaite,gcopperwaitefn@odnoklassniki.ru,Agender,76.114.236.206
565,Roy,Smedley,rsmedleyfo@cnn.com,Male,189.0.98.68
566,Addi,Reskelly,areskellyfp@mashable.com,Female,202.254.154.249
567,Edi,Tolliday,etollidayfq@wikia.com,Female,220.45.125.7
568,Aluino,Bardwall,abardwallfr@soup.io,Male,140.154.110.120
569,Antone,Bulger,abulgerfs@printfriendly.com,Male,161.201.30.107
570,Mile,Vasichev,mvasichevft@telegraph.co.uk,Male,34.24.141.185
571,Onfroi,MacAlees,omacaleesfu@cbslocal.com,Male,50.75.112.183
572,Rollin,Mersh,rmershfv@devhub.com,Male,141.75.227.209
573,Lindsay,Lewerenz,llewerenzfw@aboutads.info,Male,113.11.239.112
574,Dewie,Gillan,dgillanfx@g.co,Male,78.198.91.88
575,Tracie,McAlpin,tmcalpinfy@cyberchimps.com,Male,145.102.239.214
576,Barnabas,Dodd,bdoddfz@engadget.com,Male,0.203.7.244
577,Angelina,Bernardotti,abernardottig0@nymag.com,Female,68.62.115.150
578,Marwin,Trippitt,mtrippittg1@vk.com,Male,255.149.69.157
579,Nannie,Jarmaine,njarmaineg2@reddit.com,Genderqueer,124.7.174.37
580,Renie,Barwack,rbarwackg3@ning.com,Female,9.205.55.93
581,Lebbie,Frohock,lfrohockg4@patch.com,Female,127.18.51.16
582,Neysa,Beechcraft,nbeechcraftg5@hibu.com,Female,168.60.223.244
583,Mervin,Bleesing,mbleesingg6@lulu.com,Male,46.138.13.55
584,Terrence,Brader,tbraderg7@latimes.com,Male,35.173.181.110
585,Wrennie,Collimore,wcollimoreg8@last.fm,Female,95.112.196.124
586,Jaye,Iiannone,jiiannoneg9@paypal.com,Male,184.244.8.62
587,Filip,Gaine of England,fgaineofenglandga@deviantart.com,Male,22.219.233.212
588,Marnie,Ungerecht,mungerechtgb@trellian.com,Female,161.162.18.98
589,Arin,Sutor,asutorgc@google.com,Male,119.223.251.31
590,Adair,Loosley,aloosleygd@pagesperso-orange.fr,Male,229.44.161.216
591,Olivero,Yeliashev,oyeliashevge@home.pl,Male,183.240.74.195
592,Joya,Ockwell,jockwellgf@freewebs.com,Female,212.249.192.185
593,Kaylyn,Bendix,kbendixgg@intel.com,Female,67.88.149.101
594,Arabel,Brakespear,abrakespeargh@unesco.org,Female,136.158.152.193
595,Kris,Riden,kridengi@senate.gov,Female,162.3.130.242
596,Joseito,Kalisz,jkaliszgj@sfgate.com,Male,32.215.139.126
597,Dame,Kirstein,dkirsteingk@gizmodo.com,Male,247.80.128.9
598,Marga,Lambell,mlambellgl@squidoo.com,Female,6.162.100.131
599,Frances,Macrow,fmacrowgm@ezinearticles.com,Female,15.99.59.89
600,Amargo,Craighill,acraighillgn@twitpic.com,Female,134.105.82.198
601,Hannis,Wallsam,hwallsamgo@nps.gov,Non-binary,1.66.143.65
602,Rodger,Tappin,rtappingp@imdb.com,Male,207.224.135.191
603,Eb,Wass,ewassgq@europa.eu,Male,231.16.22.170
604,Freddie,Normant,fnormantgr@edublogs.org,Bigender,242.100.78.225
605,Brody,MacCumiskey,bmaccumiskeygs@delicious.com,Male,83.152.219.173
606,Mirella,Perago,mperagogt@acquirethisname.com,Female,158.1.100.140
607,Hunter,Gillings,hgillingsgu@scribd.com,Polygender,205.65.157.165
608,Oralla,Rulton,orultongv@craigslist.org,Female,50.14.239.111
609,Linet,Nazaret,lnazaretgw@google.nl,Female,63.104.168.200
610,Quintus,Methringham,qmethringhamgx@paypal.com,Male,71.72.51.94
611,Erik,Leele,eleelegy@goodreads.com,Male,45.218.209.151
612,Waylin,Knoton,wknotongz@bigcartel.com,Male,92.33.36.241
613,Beau,Howsam,bhowsamh0@themeforest.net,Male,38.239.18.241
614,Phylis,Clissell,pclissellh1@imageshack.us,Female,99.197.15.155
615,Ailsun,Templeton,atempletonh2@youtu.be,Female,164.82.121.158
616,Kendra,Hessle,khessleh3@yahoo.com,Female,153.99.220.236
617,Colet,Barstowk,cbarstowkh4@telegraph.co.uk,Male,150.67.129.37
618,Gian,Bontein,gbonteinh5@china.com.cn,Non-binary,72.183.92.178
619,Gwynne,Curro,gcurroh6@zdnet.com,Female,243.164.226.21
620,Linnell,Saffle,lsaffleh7@wp.com,Bigender,20.90.43.156
621,Katha,Semour,ksemourh8@narod.ru,Female,234.135.109.47
622,Gwen,Beetlestone,gbeetlestoneh9@ifeng.com,Female,133.227.172.85
623,Brent,Ledgister,bledgisterha@xinhuanet.com,Male,97.42.41.222
624,Gaby,Wyson,gwysonhb@posterous.com,Female,234.45.119.219
625,Baldwin,Tierny,btiernyhc@networkadvertising.org,Male,91.184.63.222
626,Lodovico,Muscroft,lmuscrofthd@paginegialle.it,Male,212.187.160.123
627,Thelma,Faudrie,tfaudriehe@noaa.gov,Female,217.253.179.168
628,Jo-anne,Dicte,jdictehf@t-online.de,Female,115.103.242.178
629,Bryana,Choudhury,bchoudhuryhg@exblog.jp,Female,205.197.175.169
630,Trudy,Stanlick,tstanlickhh@irs.gov,Female,82.180.182.46
631,Alexandra,Bawcock,abawcockhi@skype.com,Female,174.146.90.34
632,Rosco,Way,rwayhj@sphinn.com,Male,188.98.187.129
633,Jody,Rivel,jrivelhk@cornell.edu,Female,128.12.184.216
634,Edik,Duckworth,educkworthhl@foxnews.com,Male,199.214.164.235
635,Maud,Romans,mromanshm@shareasale.com,Female,133.83.70.84
636,Chantal,Bosden,cbosdenhn@ftc.gov,Female,23.40.25.176
637,Lynn,Sustins,lsustinsho@phoca.cz,Male,175.168.44.171
638,Dane,Fishbourn,dfishbournhp@stanford.edu,Male,147.194.170.72
639,Care,Gurge,cgurgehq@lulu.com,Male,78.70.142.177
640,Alick,Sears,asearshr@geocities.jp,Male,30.149.28.145
641,Rubie,Glowacz,rglowaczhs@ibm.com,Female,62.59.187.100
642,Gardner,Godball,ggodballht@mozilla.com,Male,253.136.109.25
643,Reynold,Farran,rfarranhu@youku.com,Male,247.109.196.196
644,Linea,Drewe,ldrewehv@flickr.com,Female,19.169.91.153
645,Tilda,Jacobsson,tjacobssonhw@cisco.com,Female,201.195.181.151
646,Bendicty,Ricold,bricoldhx@ebay.co.uk,Male,74.91.208.236
647,Kilian,Coventry,kcoventryhy@hostgator.com,Male,188.141.7.194
648,Hewitt,Welburn,hwelburnhz@typepad.com,Non-binary,155.154.70.2
649,Darcy,Bambridge,dbambridgei0@wix.com,Male,6.136.69.4
650,Winn,Kitchiner,wkitchineri1@i2i.jp,Male,131.175.157.231
651,Stanleigh,Yezafovich,syezafovichi2@walmart.com,Male,49.219.151.2
652,Avictor,Basley,abasleyi3@tinypic.com,Male,24.31.115.88
653,Cariotta,Fruin,cfruini4@about.me,Female,248.117.164.26
654,Gipsy,Zorzetti,gzorzettii5@sciencedirect.com,Female,196.234.181.56
655,Orella,Giller,ogilleri6@fema.gov,Female,22.178.155.137
656,Lammond,Rameaux,lrameauxi7@ox.ac.uk,Male,109.141.162.154
657,Matty,Navan,mnavani8@eventbrite.com,Male,42.227.203.57
658,Pietro,Crackett,pcracketti9@blinklist.com,Male,180.151.84.149
659,Max,Ace,maceia@sogou.com,Genderqueer,214.169.176.77
660,Ruby,Gribbins,rgribbinsib@gov.uk,Polygender,91.41.35.156
661,Danni,Foddy,dfoddyic@home.pl,Female,132.169.217.119
662,Sarge,Tierny,stiernyid@4shared.com,Male,78.174.29.48
663,Raymond,Torres,rtorresie@patch.com,Male,161.242.245.225
664,Emerson,Goodinge,egoodingeif@washingtonpost.com,Male,240.54.87.227
665,Gwendolin,Ashborn,gashbornig@theatlantic.com,Non-binary,111.207.122.3
666,Cynthy,Tidswell,ctidswellih@skyrock.com,Female,201.142.245.54
667,Erny,Trunks,etrunksii@cbsnews.com,Male,249.241.212.4
668,Berton,Sill,bsillij@rakuten.co.jp,Male,241.76.4.240
669,Susanna,Fawdry,sfawdryik@etsy.com,Female,63.70.234.166
670,Arline,Overstreet,aoverstreetil@reverbnation.com,Female,46.175.113.49
671,Felicle,Redferne,fredferneim@studiopress.com,Female,82.95.80.119
672,Codee,Steynor,csteynorin@exblog.jp,Polygender,187.19.31.253
673,Dall,Tregidgo,dtregidgoio@salon.com,Male,9.116.187.51
674,Constancy,Bordes,cbordesip@ox.ac.uk,Female,57.174.86.101
675,Staford,Daugherty,sdaughertyiq@weather.com,Genderfluid,78.77.26.206
676,Lloyd,Wilford,lwilfordir@taobao.com,Male,166.79.80.227
677,Courtnay,Redparth,credparthis@google.ru,Male,165.243.227.227
678,Dasha,Blincow,dblincowit@hp.com,Female,125.7.227.13
679,Henri,Bircher,hbircheriu@istockphoto.com,Male,37.112.13.61
680,Fayette,Gaunt,fgauntiv@vimeo.com,Female,113.131.178.220
681,Dion,Christofe,dchristofeiw@over-blog.com,Male,85.225.207.81
682,Bartie,Rew,brewix@unesco.org,Male,96.246.70.77
683,Ellwood,Rowet,erowetiy@indiatimes.com,Male,136.183.18.26
684,Job,Chatband,jchatbandiz@ftc.gov,Male,104.53.187.229
685,Elsa,Bartali,ebartalij0@amazonaws.com,Female,91.7.36.248
686,Ediva,Perceval,epercevalj1@comcast.net,Female,20.204.79.235
687,Therese,Minchi,tminchij2@tripod.com,Female,229.77.188.174
688,Berry,Cadle,bcadlej3@fotki.com,Female,246.46.160.153
689,Chrissy,Serotsky,cserotskyj4@discuz.net,Female,127.228.140.31
690,Chrisy,Irnis,cirnisj5@alexa.com,Genderfluid,247.39.73.249
691,Binni,Castillon,bcastillonj6@shutterfly.com,Non-binary,122.177.161.174
692,Julienne,Monson,jmonsonj7@wikimedia.org,Female,176.130.202.221
693,Guglielmo,McDonell,gmcdonellj8@discuz.net,Male,170.37.79.149
694,Hugibert,Moakson,hmoaksonj9@a8.net,Male,189.19.62.253
695,Corrie,Tofpik,ctofpikja@mac.com,Agender,215.232.148.48
696,Nikolas,Seer,nseerjb@joomla.org,Male,34.88.125.86
697,Lyssa,Guterson,lgutersonjc@google.co.uk,Female,174.204.138.251
698,Fran,Grelka,fgrelkajd@facebook.com,Female,27.12.203.19
699,Tally,Abarough,tabaroughje@amazon.com,Male,101.1.214.57
700,Perl,Gallaccio,pgallacciojf@amazon.com,Female,64.10.70.88
701,Pietra,Brabant,pbrabantjg@cloudflare.com,Female,172.98.153.54
702,Ernesto,Barkhouse,ebarkhousejh@freewebs.com,Male,86.113.227.77
703,Ambrosio,Lethibridge,alethibridgeji@ca.gov,Male,119.154.252.118
704,Rosabella,Josephsen,rjosephsenjj@amazon.de,Female,103.247.206.181
705,Alexandros,Willows,awillowsjk@huffingtonpost.com,Male,177.130.37.183
706,Dena,Woodeson,dwoodesonjl@java.com,Female,13.141.187.166
707,Allin,Kesby,akesbyjm@chicagotribune.com,Male,37.171.143.250
708,Marga,Olding,moldingjn@narod.ru,Female,207.236.151.169
709,Janaya,Murrell,jmurrelljo@oaic.gov.au,Female,121.217.252.145
710,Dayna,Eckels,deckelsjp@prlog.org,Female,227.3.150.174
711,Alessandro,Hatzar,ahatzarjq@indiatimes.com,Male,233.72.78.248
712,Chan,Copper,ccopperjr@vinaora.com,Male,117.54.79.156
713,Merl,Balmer,mbalmerjs@domainmarket.com,Female,54.78.173.165
714,Alika,MacIlurick,amacilurickjt@t-online.de,Female,56.8.150.190
715,Remus,Coo,rcooju@china.com.cn,Male,90.223.226.137
716,Avram,Southwood,asouthwoodjv@cloudflare.com,Male,125.193.94.46
717,Jodie,Josephy,jjosephyjw@businessweek.com,Female,68.37.129.84
718,Angela,Giovannoni,agiovannonijx@twitter.com,Female,53.178.74.101
719,Reinaldo,Iglesiaz,riglesiazjy@reference.com,Agender,14.77.15.164
720,Agatha,Cooney,acooneyjz@google.es,Female,61.86.110.93
721,Rufus,Strongman,rstrongmank0@amazonaws.com,Bigender,179.249.255.71
722,Vladamir,Giorgini,vgiorginik1@redcross.org,Male,175.137.109.195
723,Brooke,Dodle,bdodlek2@qq.com,Male,76.238.225.58
724,Fabien,Roslen,froslenk3@nyu.edu,Male,1.80.14.81
725,Hope,Cranage,hcranagek4@bravesites.com,Female,172.87.48.177
726,Nina,Posnett,nposnettk5@soundcloud.com,Female,188.150.142.179
727,Lance,Whates,lwhatesk6@wunderground.com,Male,178.89.239.17
728,Ingeberg,Gruszecki,igruszeckik7@friendfeed.com,Genderqueer,250.101.98.128
729,Waylen,Scone,wsconek8@indiegogo.com,Male,2.73.57.85
730,Trudey,Burrage,tburragek9@behance.net,Female,39.75.104.44
731,Casey,Mahody,cmahodyka@scientificamerican.com,Male,77.174.159.125
732,Price,Calderon,pcalderonkb@vk.com,Male,216.240.210.101
733,Joye,Von Salzberg,jvonsalzbergkc@eepurl.com,Female,73.77.75.247
734,Brandon,Dumphy,bdumphykd@wired.com,Male,86.104.246.48
735,Creighton,Bercevelo,cberceveloke@blinklist.com,Male,9.171.128.175
736,Kendall,Franey,kfraneykf@skype.com,Male,15.214.146.21
737,Kinna,Maccari,kmaccarikg@deviantart.com,Female,20.163.173.38
738,Frankie,McFaul,fmcfaulkh@php.net,Male,86.86.27.101
739,Koenraad,Swigg,kswiggki@shutterfly.com,Male,193.151.96.14
740,Vidovik,Cardow,vcardowkj@usnews.com,Male,195.201.28.15
741,Reece,Willerstone,rwillerstonekk@twitter.com,Male,42.168.224.22
742,Giacinta,Morpeth,gmorpethkl@facebook.com,Female,172.72.34.224
743,Valdemar,Nolton,vnoltonkm@seesaa.net,Male,183.10.238.122
744,Chen,Rylett,crylettkn@bandcamp.com,Non-binary,208.46.253.35
745,Aurie,Jeandin,ajeandinko@infoseek.co.jp,Female,237.228.39.100
746,Rafa,Lenaghen,rlenaghenkp@pen.io,Genderfluid,11.99.163.46
747,Kenn,Schiell,kschiellkq@printfriendly.com,Male,199.216.22.147
748,Lorrayne,Van Zon,lvanzonkr@deliciousdays.com,Female,161.135.202.79
749,Fanchette,Moutray Read,fmoutrayreadks@geocities.com,Female,6.57.124.41
750,Herve,Nendick,hnendickkt@networksolutions.com,Male,180.30.157.95
751,Kora,Kingdon,kkingdonku@quantcast.com,Female,118.85.233.88
752,Mari,Swindley,mswindleykv@cocolog-nifty.com,Female,215.79.154.206
753,Borden,Chrispin,bchrispinkw@shutterfly.com,Male,79.185.146.169
754,Johnny,Leaton,jleatonkx@who.int,Male,213.36.211.127
755,Adaline,Mozzetti,amozzettiky@google.cn,Female,17.130.186.234